block,t_hr,h_B,h_L,h_D,tau,hunger,stage_idx,eligible,w,eta_t,lam,alpha0_hunger,q,fired,choice_idx0,choice_name,duration_blocks,appeal_big_e_cook,eta_k_big_e_cook,cost_big_e_cook,hunger_term_big_e_cook,prob_big_e_cook,appeal_small_e_cook,eta_k_small_e_cook,cost_small_e_cook,hunger_term_small_e_cook,prob_small_e_cook,appeal_quick_e_snack,eta_k_quick_e_snack,cost_quick_e_snack,hunger_term_quick_e_snack,prob_quick_e_snack,appeal_big_wood_cook,eta_k_big_wood_cook,cost_big_wood_cook,hunger_term_big_wood_cook,prob_big_wood_cook,appeal_small_wood,eta_k_small_wood,cost_small_wood,hunger_term_small_wood,prob_small_wood,appeal_cold_no_cook,eta_k_cold_no_cook,cost_cold_no_cook,hunger_term_cold_no_cook,prob_cold_no_cook
0,0.0,0,0,0,0.0,0.0,-1,False,-5.999973168097155,0.0,0.0,0.0,0.00037090340079839204,False,,,,,,,,,,,,,,,,,,,,,,,,,,,,,,,,,
1,0.0833,0,0,0,0.08333333333333333,0.004166666666666667,-1,False,-5.9999646313387665,0.0,0.0,0.0016666666666666668,0.00037152371993410665,False,,,,,,,,,,,,,,,,,,,,,,,,,,,,,,,,,
2,0.1667,0,0,0,0.16666666666666666,0.008333333333333333,-1,False,-5.999953522222256,0.0,0.0,0.0033333333333333335,0.0003721460288618205,False,,,,,,,,,,,,,,,,,,,,,,,,,,,,,,,,,
3,0.25,0,0,0,0.25,0.0125,-1,False,-5.999939112005,0.0,0.0,0.005000000000000001,0.00037277060506454065,False,,,,,,,,,,,,,,,,,,,,,,,,,,,,,,,,,
4,0.3333,0,0,0,0.3333333333333333,0.016666666666666666,-1,False,-5.999920479779314,0.0,0.0,0.006666666666666667,0.000373397799444522,False,,,,,,,,,,,,,,,,,,,,,,,,,,,,,,,,,
5,0.4167,0,0,0,0.41666666666666663,0.020833333333333332,-1,False,-5.999896465982879,0.0,0.0,0.008333333333333333,0.000374028054288318,False,,,,,,,,,,,,,,,,,,,,,,,,,,,,,,,,,
6,0.5,0,0,0,0.49999999999999994,0.024999999999999998,-1,False,-5.999865615822288,0.0,0.0,0.01,0.0003746619251890977,False,,,,,,,,,,,,,,,,,,,,,,,,,,,,,,,,,
7,0.5833,0,0,0,0.5833333333333333,0.029166666666666664,-1,False,-5.99982611072513,0.0,0.0,0.011666666666666665,0.00037530010768356965,False,,,,,,,,,,,,,,,,,,,,,,,,,,,,,,,,,
8,0.6667,0,0,0,0.6666666666666666,0.03333333333333333,-1,False,-5.999775685659233,0.0,0.0,0.013333333333333334,0.0003759434694781579,False,,,,,,,,,,,,,,,,,,,,,,,,,,,,,,,,,
9,0.75,0,0,0,0.75,0.037500000000000006,-1,False,-5.999711529858415,0.0,0.0,0.015000000000000003,0.00037659308926848534,False,,,,,,,,,,,,,,,,,,,,,,,,,,,,,,,,,
10,0.8333,0,0,0,0.8333333333333334,0.04166666666666667,-1,False,-5.999630168174885,0.0,0.0,0.01666666666666667,0.0003772503032977905,False,,,,,,,,,,,,,,,,,,,,,,,,,,,,,,,,,
11,0.9167,0,0,0,0.9166666666666667,0.04583333333333334,-1,False,-5.999527319943518,0.0,0.0,0.018333333333333337,0.00037791676095360005,False,,,,,,,,,,,,,,,,,,,,,,,,,,,,,,,,,
12,1.0,0,0,0,1.0,0.05,-1,False,-5.999397731898653,0.0,0.0,0.020000000000000004,0.0003785944908675705,False,,,,,,,,,,,,,,,,,,,,,,,,,,,,,,,,,
13,1.0833,0,0,0,1.0833333333333333,0.05416666666666667,-1,False,-5.999234981337812,0.0,0.0,0.021666666666666667,0.00037928597916063466,False,,,,,,,,,,,,,,,,,,,,,,,,,,,,,,,,,
14,1.1667,0,0,0,1.1666666666666665,0.05833333333333333,-1,False,-5.999031245389209,0.0,0.0,0.02333333333333333,0.0003799942616643987,False,,,,,,,,,,,,,,,,,,,,,,,,,,,,,,,,,
15,1.25,0,0,0,1.2499999999999998,0.06249999999999999,-1,False,-5.998777031924181,0.0,0.0,0.024999999999999998,0.000380723032150341,False,,,,,,,,,,,,,,,,,,,,,,,,,,,,,,,,,
16,1.3333,0,0,0,1.333333333333333,0.06666666666666665,-1,False,-5.998460867377578,0.0,0.0,0.02666666666666666,0.00038147676881182947,False,,,,,,,,,,,,,,,,,,,,,,,,,,,,,,,,,
17,1.4167,0,0,0,1.4166666666666663,0.07083333333333332,-1,False,-5.998068936517567,0.0,0.0,0.02833333333333333,0.00038226088147255997,False,,,,,,,,,,,,,,,,,,,,,,,,,,,,,,,,,
18,1.5,0,0,0,1.4999999999999996,0.07499999999999998,-1,False,-5.997584669063349,0.0,0.0,0.029999999999999995,0.000383081882242961,False,,,,,,,,,,,,,,,,,,,,,,,,,,,,,,,,,
19,1.5833,0,0,0,1.5833333333333328,0.07916666666666665,-1,False,-5.996988268010109,0.0,0.0,0.03166666666666666,0.00038394758262049643,False,,,,,,,,,,,,,,,,,,,,,,,,,,,,,,,,,
20,1.6667,0,0,0,1.666666666666666,0.08333333333333331,-1,False,-5.996256174613194,0.0,0.0,0.033333333333333326,0.00038486732034169165,False,,,,,,,,,,,,,,,,,,,,,,,,,,,,,,,,,
21,1.75,0,0,0,1.7499999999999993,0.08749999999999997,-1,False,-5.995360465239166,0.0,0.0,0.03499999999999999,0.00038585221965959884,False,,,,,,,,,,,,,,,,,,,,,,,,,,,,,,,,,
22,1.8333,0,0,0,1.8333333333333326,0.09166666666666663,-1,False,-5.9942681757428184,0.0,0.0,0.03666666666666665,0.00038691548916399034,False,,,,,,,,,,,,,,,,,,,,,,,,,,,,,,,,,
23,1.9167,0,0,0,1.9166666666666659,0.0958333333333333,-1,False,-5.99294054971143,0.0,0.0,0.03833333333333332,0.0003880727618156401,False,,,,,,,,,,,,,,,,,,,,,,,,,,,,,,,,,
24,2.0,0,0,0,1.9999999999999991,0.09999999999999996,-1,False,-5.991332207865507,0.0,0.0,0.03999999999999999,0.0003893424825753065,False,,,,,,,,,,,,,,,,,,,,,,,,,,,,,,,,,
25,2.0833,0,0,0,2.0833333333333326,0.10416666666666663,-1,False,-5.989390237153912,0.0,0.0,0.04166666666666666,0.0003907463499315577,False,,,,,,,,,,,,,,,,,,,,,,,,,,,,,,,,,
26,2.1667,0,0,0,2.166666666666666,0.10833333333333331,-1,False,-5.987053199663205,0.0,0.0,0.04333333333333333,0.000392309818846649,False,,,,,,,,,,,,,,,,,,,,,,,,,,,,,,,,,
27,2.25,0,0,0,2.2499999999999996,0.11249999999999999,-1,False,-5.984250063405218,0.0,0.0,0.045,0.00039406267424536926,False,,,,,,,,,,,,,,,,,,,,,,,,,,,,,,,,,
28,2.3333,0,0,0,2.333333333333333,0.11666666666666665,-1,False,-5.980899059376791,0.0,0.0,0.04666666666666666,0.00039603968629402096,False,,,,,,,,,,,,,,,,,,,,,,,,,,,,,,,,,
29,2.4167,0,0,0,2.4166666666666665,0.12083333333333333,-1,False,-5.976906472016494,0.0,0.0,0.04833333333333334,0.0003982813615140054,False,,,,,,,,,,,,,,,,,,,,,,,,,,,,,,,,,
30,2.5,0,0,0,2.5,0.125,-1,False,-5.972165373320572,0.0,0.0,0.05,0.00040083480744507763,False,,,,,,,,,,,,,,,,,,,,,,,,,,,,,,,,,
31,2.5833,0,0,0,2.5833333333333335,0.12916666666666668,-1,False,-5.966554314416767,0.0,0.0,0.05166666666666667,0.0004037547333648353,False,,,,,,,,,,,,,,,,,,,,,,,,,,,,,,,,,
32,2.6667,0,0,0,2.666666666666667,0.13333333333333336,-1,False,-5.959935992307745,0.0,0.0,0.053333333333333344,0.00040710461579280085,False,,,,,,,,,,,,,,,,,,,,,,,,,,,,,,,,,
33,2.75,0,0,0,2.7500000000000004,0.13750000000000004,-1,False,-5.952155913745573,0.0,0.0,0.05500000000000002,0.00041095806554754293,False,,,,,,,,,,,,,,,,,,,,,,,,,,,,,,,,,
34,2.8333,0,0,0,2.833333333333334,0.1416666666666667,-1,False,-5.943041082725375,0.0,0.0,0.05666666666666668,0.00041540044347372255,False,,,,,,,,,,,,,,,,,,,,,,,,,,,,,,,,,
35,2.9167,0,0,0,2.9166666666666674,0.14583333333333337,-1,False,-5.932398742808738,0.0,0.0,0.05833333333333335,0.0004205307852367255,False,,,,,,,,,,,,,,,,,,,,,,,,,,,,,,,,,
36,3.0,0,0,0,3.000000000000001,0.15000000000000005,-1,False,-5.920015210301397,0.0,0.0,0.060000000000000026,0.00042646411259799044,False,,,,,,,,,,,,,,,,,,,,,,,,,,,,,,,,,
37,3.0833,0,0,0,3.0833333333333344,0.15416666666666673,-1,False,-5.90565483908745,0.0,0.0,0.061666666666666696,0.00043333423037588466,False,,,,,,,,,,,,,,,,,,,,,,,,,,,,,,,,,
38,3.1667,0,0,0,3.166666666666668,0.1583333333333334,-1,False,-5.889059162512435,0.0,0.0,0.06333333333333337,0.0004412971362296255,False,,,,,,,,,,,,,,,,,,,,,,,,,,,,,,,,,
39,3.25,0,0,0,3.2500000000000013,0.1625000000000001,-1,False,-5.869946261936192,0.0,0.0,0.06500000000000004,0.0004505352062787572,False,,,,,,,,,,,,,,,,,,,,,,,,,,,,,,,,,
40,3.3333,0,0,0,3.333333333333335,0.16666666666666674,-1,False,-5.848010415249467,0.0,0.0,0.0666666666666667,0.0004612623657806183,False,,,,,,,,,,,,,,,,,,,,,,,,,,,,,,,,,
41,3.4167,0,0,0,3.4166666666666683,0.17083333333333342,-1,False,-5.822922081554517,0.0,0.0,0.06833333333333337,0.0004737305138246264,False,,,,,,,,,,,,,,,,,,,,,,,,,,,,,,,,,
42,3.5,0,0,0,3.5000000000000018,0.1750000000000001,-1,False,-5.794328280126389,0.0,0.0,0.07000000000000005,0.0004882375485337685,False,,,,,,,,,,,,,,,,,,,,,,,,,,,,,,,,,
43,3.5833,0,0,0,3.5833333333333353,0.17916666666666678,-1,False,-5.761853422468546,0.0,0.0,0.07166666666666671,0.0005051374403073794,False,,,,,,,,,,,,,,,,,,,,,,,,,,,,,,,,,
44,3.6667,0,0,0,3.6666666666666687,0.18333333333333346,-1,False,-5.725100655525619,0.0,0.0,0.07333333333333339,0.0005248529328520451,False,,,,,,,,,,,,,,,,,,,,,,,,,,,,,,,,,
45,3.75,0,0,0,3.750000000000002,0.1875000000000001,-1,False,-5.683653771698763,0.0,0.0,0.07500000000000005,0.0005478916253730554,False,,,,,,,,,,,,,,,,,,,,,,,,,,,,,,,,,
46,3.8333,0,0,0,3.8333333333333357,0.1916666666666668,-1,False,-5.637079737025557,0.0,0.0,0.07666666666666672,0.0005748664180119015,False,,,,,,,,,,,,,,,,,,,,,,,,,,,,,,,,,
47,3.9167,0,0,0,3.916666666666669,0.19583333333333347,-1,False,-5.584931882566872,0.0,0.0,0.0783333333333334,0.0006065216046052956,False,,,,,,,,,,,,,,,,,,,,,,,,,,,,,,,,,
48,4.0,0,0,0,4.000000000000003,0.20000000000000015,-1,False,-5.5267537955581245,0.0,0.0,0.08000000000000007,0.0006437662961781962,False,,,,,,,,,,,,,,,,,,,,,,,,,,,,,,,,,
49,4.0833,0,0,0,4.083333333333336,0.2041666666666668,-1,False,-5.462083936153659,0.0,0.0,0.08166666666666672,0.0006877173868819006,False,,,,,,,,,,,,,,,,,,,,,,,,,,,,,,,,,
50,4.1667,0,0,0,4.166666666666669,0.20833333333333345,-1,False,-5.390460992604974,0.0,0.0,0.08333333333333338,0.0007397549724296793,False,,,,,,,,,,,,,,,,,,,,,,,,,,,,,,,,,
51,4.25,0,0,0,4.250000000000002,0.2125000000000001,-1,False,-5.311429972521844,0.0,0.0,0.08500000000000005,0.000801594052027787,False,,,,,,,,,,,,,,,,,,,,,,,,,,,,,,,,,
52,4.3333,0,0,0,4.333333333333335,0.21666666666666676,-1,False,-5.224549010606484,0.0,0.0,0.08666666666666671,0.000875377554072716,False,,,,,,,,,,,,,,,,,,,,,,,,,,,,,,,,,
53,4.4167,0,0,0,4.416666666666668,0.2208333333333334,-1,False,-5.129396854147404,0.0,0.0,0.08833333333333337,0.0009637973028254419,False,,,,,,,,,,,,,,,,,,,,,,,,,,,,,,,,,
54,4.5,0,0,0,4.500000000000001,0.22500000000000006,-1,False,-5.025580966925286,0.0,0.0,0.09000000000000002,0.0010702515782877707,False,,,,,,,,,,,,,,,,,,,,,,,,,,,,,,,,,
55,4.5833,0,0,0,4.583333333333334,0.2291666666666667,-1,False,-4.912746170422649,0.0,0.0,0.09166666666666669,0.0011990505072326533,False,,,,,,,,,,,,,,,,,,,,,,,,,,,,,,,,,
56,4.6667,0,0,0,4.666666666666667,0.23333333333333336,-1,False,-4.790583718836261,0.0,0.0,0.09333333333333335,0.0013556837336339367,False,,,,,,,,,,,,,,,,,,,,,,,,,,,,,,,,,
57,4.75,0,0,0,4.75,0.23750000000000002,-1,False,-4.658840681942432,0.0,0.0,0.09500000000000001,0.0015471686633753204,False,,,,,,,,,,,,,,,,,,,,,,,,,,,,,,,,,
58,4.8333,0,0,0,4.833333333333333,0.24166666666666667,-1,False,-4.517329488008648,0.0,0.0,0.09666666666666668,0.0017825019284910988,False,,,,,,,,,,,,,,,,,,,,,,,,,,,,,,,,,
59,4.9167,0,0,0,4.916666666666666,0.24583333333333332,-1,False,-4.365937458386431,0.0,0.0,0.09833333333333333,0.002073241145719165,False,,,,,,,,,,,,,,,,,,,,,,,,,,,,,,,,,
60,5.0,0,0,0,4.999999999999999,0.24999999999999997,0,True,-4.204636146904677,0.0,0.0,0.09999999999999999,0.0024342475846306087,False,,,,,,,,,,,,,,,,,,,,,,,,,,,,,,,,,
61,5.0833,0,0,0,5.083333333333332,0.2541666666666666,0,True,-4.033490281471755,0.0,0.0,0.10166666666666664,0.002884621093601014,False,,,,,,,,,,,,,,,,,,,,,,,,,,,,,,,,,
62,5.1667,0,0,0,5.166666666666665,0.25833333333333325,0,True,-3.8526660931419667,0.0,0.0,0.1033333333333333,0.0034488530741340426,False,,,,,,,,,,,,,,,,,,,,,,,,,,,,,,,,,
63,5.25,0,0,0,5.249999999999998,0.2624999999999999,0,True,-3.6624388100251166,0.0,0.0,0.10499999999999997,0.004158205555937937,False,,,,,,,,,,,,,,,,,,,,,,,,,,,,,,,,,
64,5.3333,0,0,0,5.333333333333331,0.26666666666666655,0,True,-3.463199090469249,0.0,0.0,0.10666666666666663,0.005052285249893571,False,,,,,,,,,,,,,,,,,,,,,,,,,,,,,,,,,
65,5.4167,0,0,0,5.416666666666664,0.2708333333333332,0,True,-3.2554581724840164,0.0,0.0,0.10833333333333328,0.006180707571410368,False,,,,,,,,,,,,,,,,,,,,,,,,,,,,,,,,,
66,5.5,0,0,0,5.499999999999997,0.27499999999999986,0,True,-3.0398515248298983,0.0,0.0,0.10999999999999995,0.007604620523134426,False,,,,,,,,,,,,,,,,,,,,,,,,,,,,,,,,,
67,5.5833,0,0,0,5.58333333333333,0.2791666666666665,0,True,-2.817140799860502,0.0,0.0,0.11166666666666661,0.009397666755422788,True,3.0,big_wood_cook,13.0,0.3494211403367493,0.0,-0.40924653675492684,0.22333333333333322,0.1938407160324517,0.22444424977632726,0.0,-0.16369861470197072,0.0,0.17491050945710188,0.17342518708729382,0.0,-0.05456620490065692,0.0,0.18537630045658657,-0.3241332923634561,0.0,-0.0,0.22333333333333322,0.14881871308796646,-0.24461353459903493,0.0,-0.0,0.0,0.1288843252923388,0.021443183316919592,0.0,-0.0,0.0,0.16816943567355458
68,5.6667,4,0,0,0.0,0.0,0,False,-2.588213909181987,0.0,0.0,0.0,0.010485122378054245,False,,,,,,,,,,,,,,,,,,,,,,,,,,,,,,,,,
69,5.75,4,0,0,0.08333333333333333,0.004166666666666667,0,False,-2.354083070403227,0.0,0.0,0.0016666666666666668,0.013031084303761167,False,,,,,,,,,,,,,,,,,,,,,,,,,,,,,,,,,
70,5.8333,4,0,0,0.16666666666666666,0.008333333333333333,0,False,-2.115880706405164,0.0,0.0,0.0033333333333333335,0.016182487683488265,False,,,,,,,,,,,,,,,,,,,,,,,,,,,,,,,,,
71,5.9167,4,0,0,0.25,0.0125,0,False,-1.8748531171592884,0.0,0.0,0.005000000000000001,0.020033807852456256,False,,,,,,,,,,,,,,,,,,,,,,,,,,,,,,,,,
72,6.0,4,0,0,0.3333333333333333,0.016666666666666666,0,False,-1.6323518874648095,0.0,0.0,0.006666666666666667,0.024663345060297198,False,,,,,,,,,,,,,,,,,,,,,,,,,,,,,,,,,
73,6.0833,4,0,0,0.41666666666666663,0.020833333333333332,0,False,-1.3898230411429595,0.0,0.0,0.008333333333333333,0.030115477906690752,False,,,,,,,,,,,,,,,,,,,,,,,,,,,,,,,,,
74,6.1667,4,0,0,0.49999999999999994,0.024999999999999998,0,False,-1.1487940021348506,0.0,0.0,0.01,0.036381277869001756,False,,,,,,,,,,,,,,,,,,,,,,,,,,,,,,,,,
75,6.25,4,0,0,0.5833333333333333,0.029166666666666664,0,False,-0.9108584743502073,0.0,0.0,0.011666666666666665,0.04338249141831842,False,,,,,,,,,,,,,,,,,,,,,,,,,,,,,,,,,
76,6.3333,4,0,0,0.6666666666666666,0.03333333333333333,0,False,-0.6776594036406008,0.0,0.0,0.013333333333333334,0.050965273567779176,False,,,,,,,,,,,,,,,,,,,,,,,,,,,,,,,,,
77,6.4167,4,0,0,0.75,0.037500000000000006,0,False,-0.45087023547446503,0.0,0.0,0.015000000000000003,0.058908817232592295,False,,,,,,,,,,,,,,,,,,,,,,,,,,,,,,,,,
78,6.5,4,0,0,0.8333333333333334,0.04166666666666667,0,False,-0.23217472928961425,0.0,0.0,0.01666666666666667,0.0669495811802001,False,,,,,,,,,,,,,,,,,,,,,,,,,,,,,,,,,
79,6.5833,4,0,0,0.9166666666666667,0.04583333333333334,0,False,-0.02324563362533634,0.0,0.0,0.018333333333333337,0.0748157891094778,False,,,,,,,,,,,,,,,,,,,,,,,,,,,,,,,,,
80,6.6667,4,0,0,1.0,0.05,0,False,0.17427743640866417,0.0,0.0,0.020000000000000004,0.08226257517042049,False,,,,,,,,,,,,,,,,,,,,,,,,,,,,,,,,,
81,6.75,4,0,0,1.0833333333333333,0.05416666666666667,0,False,0.3588105472637216,0.0,0.0,0.021666666666666667,0.0890982293960131,False,,,,,,,,,,,,,,,,,,,,,,,,,,,,,,,,,
82,6.8333,4,0,0,1.1666666666666665,0.05833333333333333,0,False,0.5288480261752564,0.0,0.0,0.02333333333333333,0.09519623022759958,False,,,,,,,,,,,,,,,,,,,,,,,,,,,,,,,,,
83,6.9167,4,0,0,1.2499999999999998,0.06249999999999999,0,False,0.6829846634752977,0.0,0.0,0.024999999999999998,0.10049335369169475,False,,,,,,,,,,,,,,,,,,,,,,,,,,,,,,,,,
84,7.0,4,0,0,1.333333333333333,0.06666666666666665,0,False,0.8199371260912675,0.0,0.0,0.02666666666666666,0.10497813383523637,False,,,,,,,,,,,,,,,,,,,,,,,,,,,,,,,,,
85,7.0833,4,0,0,1.4166666666666663,0.07083333333333332,0,False,0.9385641763734509,0.0,0.0,0.02833333333333333,0.10867510109337489,False,,,,,,,,,,,,,,,,,,,,,,,,,,,,,,,,,
86,7.1667,4,0,0,1.4999999999999996,0.07499999999999998,0,False,1.0378853064338802,0.0,0.0,0.029999999999999995,0.11162918274197019,False,,,,,,,,,,,,,,,,,,,,,,,,,,,,,,,,,
87,7.25,4,0,0,1.5833333333333328,0.07916666666666665,0,False,1.1170974239473286,0.0,0.0,0.03166666666666666,0.11389276509818401,False,,,,,,,,,,,,,,,,,,,,,,,,,,,,,,,,,
88,7.3333,4,0,0,1.666666666666666,0.08333333333333331,0,False,1.175589260279921,0.0,0.0,0.033333333333333326,0.11551623883282496,False,,,,,,,,,,,,,,,,,,,,,,,,,,,,,,,,,
89,7.4167,4,0,0,1.7499999999999993,0.08749999999999997,0,False,1.212953214992606,0.0,0.0,0.03499999999999999,0.11654180277085702,False,,,,,,,,,,,,,,,,,,,,,,,,,,,,,,,,,
90,7.5,4,0,0,1.8333333333333326,0.09166666666666663,0,False,1.2289944010624294,0.0,0.0,0.03666666666666665,0.11699986343359702,False,,,,,,,,,,,,,,,,,,,,,,,,,,,,,,,,,
91,7.5833,4,0,0,1.9166666666666659,0.0958333333333333,0,False,1.2237367111856952,0.0,0.0,0.03833333333333332,0.11690733728748125,False,,,,,,,,,,,,,,,,,,,,,,,,,,,,,,,,,
92,7.6667,4,0,0,1.9999999999999991,0.09999999999999996,0,False,1.1974257856956083,0.0,0.0,0.03999999999999999,0.1162673425773595,False,,,,,,,,,,,,,,,,,,,,,,,,,,,,,,,,,
93,7.75,4,0,0,2.0833333333333326,0.10416666666666663,0,False,1.1505288252316073,0.0,0.0,0.04166666666666666,0.11507002443474487,False,,,,,,,,,,,,,,,,,,,,,,,,,,,,,,,,,
94,7.8333,4,0,0,2.166666666666666,0.10833333333333331,0,False,1.0837312545529163,0.0,0.0,0.04333333333333333,0.11329451586651842,False,,,,,,,,,,,,,,,,,,,,,,,,,,,,,,,,,
95,7.9167,4,0,0,2.2499999999999996,0.11249999999999999,0,False,0.9979303060008433,0.0,0.0,0.045,0.11091225221219696,False,,,,,,,,,,,,,,,,,,,,,,,,,,,,,,,,,
96,8.0,4,0,0,2.333333333333333,0.11666666666666665,0,False,0.8942256503441278,0.0,0.0,0.04666666666666666,0.10789197990758766,False,,,,,,,,,,,,,,,,,,,,,,,,,,,,,,,,,
97,8.0833,4,0,0,2.4166666666666665,0.12083333333333333,0,False,0.7739072574691829,0.0,0.0,0.04833333333333334,0.1042067622371228,False,,,,,,,,,,,,,,,,,,,,,,,,,,,,,,,,,
98,8.1667,4,0,0,2.5,0.125,0,False,0.6384407181587382,0.0,0.0,0.05,0.09984299505346199,False,,,,,,,,,,,,,,,,,,,,,,,,,,,,,,,,,
99,8.25,4,0,0,2.5833333333333335,0.12916666666666668,0,False,0.4894502998230671,0.0,0.0,0.05166666666666667,0.09481083214985056,False,,,,,,,,,,,,,,,,,,,,,,,,,,,,,,,,,
100,8.3333,4,0,0,2.666666666666667,0.13333333333333336,0,False,0.3287000425620598,0.0,0.0,0.053333333333333344,0.08915451520683547,False,,,,,,,,,,,,,,,,,,,,,,,,,,,,,,,,,
101,8.4167,4,0,0,2.7500000000000004,0.13750000000000004,0,False,0.15807322670038057,0.0,0.0,0.05500000000000002,0.08296015272081207,False,,,,,,,,,,,,,,,,,,,,,,,,,,,,,,,,,
102,8.5,4,0,0,2.833333333333334,0.1416666666666667,0,False,-0.020449441372621533,0.0,0.0,0.05666666666666668,0.07635799751275188,False,,,,,,,,,,,,,,,,,,,,,,,,,,,,,,,,,
103,8.5833,4,0,0,2.9166666666666674,0.14583333333333337,0,False,-0.20481257160968203,0.0,0.0,0.05833333333333335,0.06951682904657884,False,,,,,,,,,,,,,,,,,,,,,,,,,,,,,,,,,
104,8.6667,4,0,0,3.000000000000001,0.15000000000000005,0,False,-0.3929094096459322,0.0,0.0,0.060000000000000026,0.06262993317348031,False,,,,,,,,,,,,,,,,,,,,,,,,,,,,,,,,,
105,8.75,4,0,0,3.0833333333333344,0.15416666666666673,0,False,-0.5826053920294507,0.0,0.0,0.061666666666666696,0.05589491317699236,False,,,,,,,,,,,,,,,,,,,,,,,,,,,,,,,,,
106,8.8333,4,0,0,3.166666666666668,0.1583333333333334,0,False,-0.7717616138193715,0.0,0.0,0.06333333333333337,0.04949193385730342,False,,,,,,,,,,,,,,,,,,,,,,,,,,,,,,,,,
107,8.9167,4,0,0,3.2500000000000013,0.1625000000000001,0,False,-0.9582579086933736,0.0,0.0,0.06500000000000004,0.043565695090685266,False,,,,,,,,,,,,,,,,,,,,,,,,,,,,,,,,,
108,9.0,4,0,0,3.333333333333335,0.16666666666666674,0,False,-1.140015270236872,0.0,0.0,0.0666666666666667,0.038215019117936885,False,,,,,,,,,,,,,,,,,,,,,,,,,,,,,,,,,
109,9.0833,4,0,0,3.4166666666666683,0.17083333333333342,0,False,-1.3150173750909513,0.0,0.0,0.06833333333333337,0.03349120122576458,False,,,,,,,,,,,,,,,,,,,,,,,,,,,,,,,,,
110,9.1667,4,0,0,3.5000000000000018,0.1750000000000001,0,False,-1.4813310026701068,0.0,0.0,0.07000000000000005,0.0294036310769544,False,,,,,,,,,,,,,,,,,,,,,,,,,,,,,,,,,
111,9.25,4,0,0,3.5833333333333353,0.17916666666666678,0,False,-1.6371251807905978,0.0,0.0,0.07166666666666671,0.02592971708164764,False,,,,,,,,,,,,,,,,,,,,,,,,,,,,,,,,,
112,9.3333,4,0,0,3.6666666666666687,0.18333333333333346,0,False,-1.7806889204126708,0.0,0.0,0.07333333333333339,0.023026053440658497,False,,,,,,,,,,,,,,,,,,,,,,,,,,,,,,,,,
113,9.4167,4,0,0,3.750000000000002,0.1875000000000001,0,False,-1.9104474345598381,0.0,0.0,0.07500000000000005,0.02063859099919034,False,,,,,,,,,,,,,,,,,,,,,,,,,,,,,,,,,
114,9.5,4,0,0,3.8333333333333357,0.1916666666666668,0,False,-2.024976765279813,0.0,0.0,0.07666666666666672,0.01871066125057896,False,,,,,,,,,,,,,,,,,,,,,,,,,,,,,,,,,
115,9.5833,4,0,0,3.916666666666669,0.19583333333333347,0,False,-2.1230167674176257,0.0,0.0,0.0783333333333334,0.01718860409798078,False,,,,,,,,,,,,,,,,,,,,,,,,,,,,,,,,,
116,9.6667,4,0,0,4.000000000000003,0.20000000000000015,0,False,-2.203482418395974,0.0,0.0,0.08000000000000007,0.016025297629419302,False,,,,,,,,,,,,,,,,,,,,,,,,,,,,,,,,,
117,9.75,4,0,0,4.083333333333336,0.2041666666666668,0,False,-2.2654734388259135,0.0,0.0,0.08166666666666672,0.015182115071421459,False,,,,,,,,,,,,,,,,,,,,,,,,,,,,,,,,,
118,9.8333,4,0,0,4.166666666666669,0.20833333333333345,0,False,-2.308282219564152,0.0,0.0,0.08333333333333338,0.014629850395639412,False,,,,,,,,,,,,,,,,,,,,,,,,,,,,,,,,,
119,9.9167,4,0,0,4.250000000000002,0.2125000000000001,0,False,-2.331400057025223,0.0,0.0,0.08500000000000005,0.014349066187423843,False,,,,,,,,,,,,,,,,,,,,,,,,,,,,,,,,,
120,10.0,4,0,0,4.333333333333335,0.21666666666666676,0,False,-2.3345217006347765,0.0,0.0,0.08666666666666671,0.014330196887841578,False,,,,,,,,,,,,,,,,,,,,,,,,,,,,,,,,,
121,10.0833,4,0,0,4.416666666666668,0.2208333333333334,0,False,-2.3175482149856834,0.0,0.0,0.08833333333333337,0.014573623222366924,False,,,,,,,,,,,,,,,,,,,,,,,,,,,,,,,,,
122,10.1667,4,0,0,4.500000000000001,0.22500000000000006,0,False,-2.280588155427785,0.0,0.0,0.09000000000000002,0.015089829825521803,False,,,,,,,,,,,,,,,,,,,,,,,,,,,,,,,,,
123,10.25,4,0,0,4.583333333333334,0.2291666666666667,0,False,-2.2239570505176975,0.0,0.0,0.09166666666666669,0.01589966307747368,False,,,,,,,,,,,,,,,,,,,,,,,,,,,,,,,,,
124,10.3333,4,0,0,4.666666666666667,0.23333333333333336,0,False,-2.148175179093237,0.0,0.0,0.09333333333333335,0.01703460797997365,False,,,,,,,,,,,,,,,,,,,,,,,,,,,,,,,,,
125,10.4167,4,0,0,4.75,0.23750000000000002,0,False,-2.0539636248578144,0.0,0.0,0.09500000000000001,0.018536887635093927,False,,,,,,,,,,,,,,,,,,,,,,,,,,,,,,,,,
126,10.5,4,0,0,4.833333333333333,0.24166666666666667,0,False,-1.9422385883705362,0.0,0.0,0.09666666666666668,0.020459046435954028,False,,,,,,,,,,,,,,,,,,,,,,,,,,,,,,,,,
127,10.5833,4,0,0,4.916666666666666,0.24583333333333332,0,False,-1.8141039362513638,0.0,0.0,0.09833333333333333,0.022862510877126388,False,,,,,,,,,,,,,,,,,,,,,,,,,,,,,,,,,
128,10.6667,4,0,0,4.999999999999999,0.24999999999999997,0,False,-1.6708419710966618,0.0,0.0,0.09999999999999999,0.02581445928323137,False,,,,,,,,,,,,,,,,,,,,,,,,,,,,,,,,,
129,10.75,4,0,0,5.083333333333332,0.2541666666666666,0,False,-1.5139024137334811,0.0,0.0,0.10166666666666664,0.029382248975455372,False,,,,,,,,,,,,,,,,,,,,,,,,,,,,,,,,,
130,10.8333,4,0,0,5.166666666666665,0.25833333333333325,0,False,-1.3448896024638604,0.0,0.0,0.1033333333333333,0.0336247816110362,False,,,,,,,,,,,,,,,,,,,,,,,,,,,,,,,,,
131,10.9167,4,0,0,5.249999999999998,0.2624999999999999,0,False,-1.1655479320450828,0.0,0.0,0.10499999999999997,0.038580713714485584,False,,,,,,,,,,,,,,,,,,,,,,,,,,,,,,,,,
132,11.0,4,0,0,5.333333333333331,0.26666666666666655,1,True,-0.9777455782214878,0.0,0.0,0.10666666666666663,0.04425447788292653,False,,,,,,,,,,,,,,,,,,,,,,,,,,,,,,,,,
133,11.0833,4,0,0,5.416666666666664,0.2708333333333332,1,True,-0.7834565812885501,0.0,0.0,0.10833333333333328,0.05060259161876618,False,,,,,,,,,,,,,,,,,,,,,,,,,,,,,,,,,
134,11.1667,4,0,0,5.499999999999997,0.27499999999999986,1,True,-0.5847413937768536,0.0,0.0,0.10999999999999995,0.05752419525006963,False,,,,,,,,,,,,,,,,,,,,,,,,,,,,,,,,,
135,11.25,4,0,0,5.58333333333333,0.2791666666666665,1,True,-0.3837260319840391,0.0,0.0,0.11166666666666661,0.06486023908119208,False,,,,,,,,,,,,,,,,,,,,,,,,,,,,,,,,,
136,11.3333,4,0,0,5.666666666666663,0.28333333333333316,1,True,-0.18258000762812926,0.0,0.0,0.11333333333333327,0.07240428685681348,False,,,,,,,,,,,,,,,,,,,,,,,,,,,,,,,,,
137,11.4167,4,0,0,5.7499999999999964,0.2874999999999998,1,True,0.01650674696078975,0.0,0.0,0.11499999999999994,0.07992440815281922,False,,,,,,,,,,,,,,,,,,,,,,,,,,,,,,,,,
138,11.5,4,0,0,5.8333333333333295,0.29166666666666646,1,True,0.21134771038390915,0.0,0.0,0.11666666666666659,0.08719142488557297,False,,,,,,,,,,,,,,,,,,,,,,,,,,,,,,,,,
139,11.5833,4,0,0,5.9166666666666625,0.2958333333333331,1,True,0.3997840767489688,0.0,0.0,0.11833333333333325,0.0940061172838045,False,,,,,,,,,,,,,,,,,,,,,,,,,,,,,,,,,
140,11.6667,4,0,0,5.999999999999996,0.29999999999999977,1,True,0.5797092194332705,0.0,0.0,0.11999999999999991,0.1002184948830864,False,,,,,,,,,,,,,,,,,,,,,,,,,,,,,,,,,
141,11.75,4,0,0,6.083333333333329,0.3041666666666665,1,True,0.7490929753265558,0.0,0.0,0.12166666666666659,0.10573556086611101,False,,,,,,,,,,,,,,,,,,,,,,,,,,,,,,,,,
142,11.8333,4,0,0,6.166666666666662,0.3083333333333331,1,True,0.9060053925771592,0.0,0.0,0.12333333333333325,0.11051815109621063,False,,,,,,,,,,,,,,,,,,,,,,,,,,,,,,,,,
143,11.9167,4,0,0,6.249999999999995,0.3124999999999998,1,True,1.0486395743242891,0.0,0.0,0.12499999999999992,0.1145703383560071,False,,,,,,,,,,,,,,,,,,,,,,,,,,,,,,,,,
144,12.0,4,0,0,6.333333333333328,0.31666666666666643,1,True,1.175333248984477,0.0,0.0,0.12666666666666657,0.11792570597453744,True,2.0,quick_e_snack,3.0,0.3494211403367493,0.0,-0.40924653675492684,0.25333333333333313,0.1976811366324099,0.22444424977632726,0.0,-0.16369861470197072,0.0,0.17310407612046472,0.17342518708729382,0.0,-0.05456620490065692,0.0,0.18346177896781707,-0.3241332923634561,0.0,-0.0,0.25333333333333313,0.1517671465394123,-0.24461353459903493,0.0,-0.0,0.0,0.12755323922723782,0.021443183316919592,0.0,-0.0,0.0,0.1664326225126583
145,12.0833,4,3,0,0.0,0.0,1,False,1.2845887049875147,0.0,0.0,0.0,0.1174844794663546,False,,,,,,,,,,,,,,,,,,,,,,,,,,,,,,,,,
146,12.1667,4,3,0,0.08333333333333333,0.004166666666666667,1,False,1.3750907447290681,0.0,0.0,0.0016666666666666668,0.11977045820785896,False,,,,,,,,,,,,,,,,,,,,,,,,,,,,,,,,,
147,12.25,4,3,0,0.16666666666666666,0.008333333333333333,1,False,1.4457223388922886,0.0,0.0,0.0033333333333333335,0.12147795877153424,False,,,,,,,,,,,,,,,,,,,,,,,,,,,,,,,,,
148,12.3333,4,3,0,0.25,0.0125,1,False,1.4955776978152053,0.0,0.0,0.005000000000000001,0.12264909329494078,False,,,,,,,,,,,,,,,,,,,,,,,,,,,,,,,,,
149,12.4167,4,3,0,0.3333333333333333,0.016666666666666666,1,False,1.5239725205352348,0.0,0.0,0.006666666666666667,0.12331497235219922,False,,,,,,,,,,,,,,,,,,,,,,,,,,,,,,,,,
150,12.5,4,3,0,0.41666666666666663,0.020833333333333332,1,False,1.5304512335018439,0.0,0.0,0.008333333333333333,0.12349319513048501,False,,,,,,,,,,,,,,,,,,,,,,,,,,,,,,,,,
151,12.5833,4,3,0,0.49999999999999994,0.024999999999999998,1,False,1.5147910884051625,0.0,0.0,0.01,0.12318643643279155,False,,,,,,,,,,,,,,,,,,,,,,,,,,,,,,,,,
152,12.6667,4,3,0,0.5833333333333333,0.029166666666666664,1,False,1.4770030505751484,0.0,0.0,0.011666666666666665,0.12238177806899668,False,,,,,,,,,,,,,,,,,,,,,,,,,,,,,,,,,
153,12.75,4,3,0,0.6666666666666666,0.03333333333333333,1,False,1.4173294742307234,0.0,0.0,0.013333333333333334,0.12105068517827897,False,,,,,,,,,,,,,,,,,,,,,,,,,,,,,,,,,
154,12.8333,4,3,0,0.75,0.037500000000000006,1,False,1.3362386266453148,0.0,0.0,0.015000000000000003,0.11914980820856359,False,,,,,,,,,,,,,,,,,,,,,,,,,,,,,,,,,
155,12.9167,4,3,0,0.8333333333333334,0.04166666666666667,1,False,1.2344161881307654,0.0,0.0,0.01666666666666667,0.11662308783547373,False,,,,,,,,,,,,,,,,,,,,,,,,,,,,,,,,,
156,13.0,4,3,0,0.9166666666666667,0.04583333333333334,1,False,1.112753916723163,0.0,0.0,0.018333333333333337,0.11340592371370106,False,,,,,,,,,,,,,,,,,,,,,,,,,,,,,,,,,
157,13.0833,4,3,0,1.0,0.05,1,False,0.9723357237574907,0.0,0.0,0.020000000000000004,0.10943235368791239,False,,,,,,,,,,,,,,,,,,,,,,,,,,,,,,,,,
158,13.1667,4,3,0,1.0833333333333333,0.05416666666666667,1,False,0.8144214574625039,0.0,0.0,0.021666666666666667,0.10464610359662702,False,,,,,,,,,,,,,,,,,,,,,,,,,,,,,,,,,
159,13.25,4,3,0,1.1666666666666665,0.05833333333333333,1,False,0.6404287348143864,0.0,0.0,0.02333333333333333,0.09901574667680044,False,,,,,,,,,,,,,,,,,,,,,,,,,,,,,,,,,
160,13.3333,4,3,0,1.2499999999999998,0.06249999999999999,1,False,0.4519131959312667,0.0,0.0,0.024999999999999998,0.09255280597359128,False,,,,,,,,,,,,,,,,,,,,,,,,,,,,,,,,,
161,13.4167,4,3,0,1.333333333333333,0.06666666666666665,1,False,0.25054757933923094,0.0,0.0,0.02666666666666666,0.08532946909998625,False,,,,,,,,,,,,,,,,,,,,,,,,,,,,,,,,,
162,13.5,4,3,0,1.4166666666666663,0.07083333333333332,1,False,0.038100029884846565,0.0,0.0,0.02833333333333333,0.07749033528594508,False,,,,,,,,,,,,,,,,,,,,,,,,,,,,,,,,,
163,13.5833,4,3,0,1.4999999999999996,0.07499999999999998,1,False,-0.18358794635851178,0.0,0.0,0.029999999999999995,0.06925174732244099,False,,,,,,,,,,,,,,,,,,,,,,,,,,,,,,,,,
164,13.6667,4,3,0,1.5833333333333328,0.07916666666666665,1,False,-0.4126234740654,0.0,0.0,0.03166666666666666,0.0608844221248077,False,,,,,,,,,,,,,,,,,,,,,,,,,,,,,,,,,
165,13.75,4,3,0,1.666666666666666,0.08333333333333331,1,False,-0.6470838599905036,0.0,0.0,0.033333333333333326,0.05268061912925509,False,,,,,,,,,,,,,,,,,,,,,,,,,,,,,,,,,
166,13.8333,4,3,0,1.7499999999999993,0.08749999999999997,1,False,-0.885037344382112,0.0,0.0,0.03499999999999999,0.04491375356224587,False,,,,,,,,,,,,,,,,,,,,,,,,,,,,,,,,,
167,13.9167,4,3,0,1.8333333333333326,0.09166666666666663,1,False,-1.1245627300715406,0.0,0.0,0.03666666666666665,0.03780220055584587,False,,,,,,,,,,,,,,,,,,,,,,,,,,,,,,,,,
168,14.0,4,3,0,1.9166666666666659,0.0958333333333333,1,False,-1.3637676110569057,0.0,0.0,0.03833333333333332,0.03148733881343121,False,,,,,,,,,,,,,,,,,,,,,,,,,,,,,,,,,
169,14.0833,4,3,0,1.9999999999999991,0.09999999999999996,1,False,-1.6008049725030098,0.0,0.0,0.03999999999999999,0.026029675357339698,False,,,,,,,,,,,,,,,,,,,,,,,,,,,,,,,,,
170,14.1667,4,3,0,2.0833333333333326,0.10416666666666663,1,False,-1.8338879884379593,0.0,0.0,0.04166666666666666,0.021420089821844433,False,,,,,,,,,,,,,,,,,,,,,,,,,,,,,,,,,
171,14.25,4,3,0,2.166666666666666,0.10833333333333331,1,False,-2.0613029003237227,0.0,0.0,0.04333333333333333,0.0175993657879966,False,,,,,,,,,,,,,,,,,,,,,,,,,,,,,,,,,
172,14.3333,4,3,0,2.2499999999999996,0.11249999999999999,1,False,-2.281419917355595,0.0,0.0,0.045,0.014479096393210277,False,,,,,,,,,,,,,,,,,,,,,,,,,,,,,,,,,
173,14.4167,4,3,0,2.333333333333333,0.11666666666666665,1,False,-2.492702136065505,0.0,0.0,0.04666666666666666,0.01195934271832103,False,,,,,,,,,,,,,,,,,,,,,,,,,,,,,,,,,
174,14.5,4,3,0,2.4166666666666665,0.12083333333333333,1,False,-2.693712530898984,0.0,0.0,0.04833333333333334,0.009941157293294622,False,,,,,,,,,,,,,,,,,,,,,,,,,,,,,,,,,
175,14.5833,4,3,0,2.5,0.125,1,False,-2.8831191173581994,0.0,0.0,0.05,0.008334074963403331,False,,,,,,,,,,,,,,,,,,,,,,,,,,,,,,,,,
176,14.6667,4,3,0,2.5833333333333335,0.12916666666666668,1,False,-3.0596984336689457,0.0,0.0,0.05166666666666667,0.007059651131284662,False,,,,,,,,,,,,,,,,,,,,,,,,,,,,,,,,,
177,14.75,4,3,0,2.666666666666667,0.13333333333333336,1,False,-3.222337524554824,0.0,0.0,0.053333333333333344,0.006052343461282539,False,,,,,,,,,,,,,,,,,,,,,,,,,,,,,,,,,
178,14.8333,4,3,0,2.7500000000000004,0.13750000000000004,1,False,-3.37003464063213,0.0,0.0,0.05500000000000002,0.005258849809137906,False,,,,,,,,,,,,,,,,,,,,,,,,,,,,,,,,,
179,14.9167,4,3,0,2.833333333333334,0.1416666666666667,1,False,-3.5018988884705644,0.0,0.0,0.05666666666666668,0.0046367044842485,False,,,,,,,,,,,,,,,,,,,,,,,,,,,,,,,,,
180,15.0,4,3,0,2.9166666666666674,0.14583333333333337,1,False,-3.6171490790585024,0.0,0.0,0.05833333333333335,0.004152642313870407,False,,,,,,,,,,,,,,,,,,,,,,,,,,,,,,,,,
181,15.0833,4,3,0,3.000000000000001,0.15000000000000005,1,False,-3.715112026097728,0.0,0.0,0.060000000000000026,0.0037810182325260554,False,,,,,,,,,,,,,,,,,,,,,,,,,,,,,,,,,
182,15.1667,4,3,0,3.0833333333333344,0.15416666666666673,1,False,-3.795220540329259,0.0,0.0,0.061666666666666696,0.0035024230024566093,False,,,,,,,,,,,,,,,,,,,,,,,,,,,,,,,,,
183,15.25,4,3,0,3.166666666666668,0.1583333333333334,1,False,-3.8570113523166847,0.0,0.0,0.06333333333333337,0.0033025480177078987,False,,,,,,,,,,,,,,,,,,,,,,,,,,,,,,,,,
184,15.3333,4,3,0,3.2500000000000013,0.1625000000000001,1,False,-3.90012317438713,0.0,0.0,0.06500000000000004,0.003171305675545147,False,,,,,,,,,,,,,,,,,,,,,,,,,,,,,,,,,
185,15.4167,4,3,0,3.333333333333335,0.16666666666666674,1,False,-3.92429508357586,0.0,0.0,0.0666666666666667,0.00310219135002379,False,,,,,,,,,,,,,,,,,,,,,,,,,,,,,,,,,
186,15.5,4,3,0,3.4166666666666683,0.17083333333333342,1,False,-3.9293653724595674,0.0,0.0,0.06833333333333337,0.003091867881625646,False,,,,,,,,,,,,,,,,,,,,,,,,,,,,,,,,,
187,15.5833,4,3,0,3.5000000000000018,0.1750000000000001,1,False,-3.91527097488261,0.0,0.0,0.07000000000000005,0.0031399568904892103,False,,,,,,,,,,,,,,,,,,,,,,,,,,,,,,,,,
188,15.6667,4,3,0,3.5833333333333353,0.17916666666666678,1,False,-3.8820475301017248,0.0,0.0,0.07166666666666671,0.003249029093693569,False,,,,,,,,,,,,,,,,,,,,,,,,,,,,,,,,,
189,15.75,4,3,0,3.6666666666666687,0.18333333333333346,1,False,-3.82983010321737,0.0,0.0,0.07333333333333339,0.003424795855586541,False,,,,,,,,,,,,,,,,,,,,,,,,,,,,,,,,,
190,15.8333,4,3,0,3.750000000000002,0.1875000000000001,1,False,-3.7588545334039782,0.0,0.0,0.07500000000000005,0.0036765149836522504,False,,,,,,,,,,,,,,,,,,,,,,,,,,,,,,,,,
191,15.9167,4,3,0,3.8333333333333357,0.1916666666666668,1,False,-3.6694593358990364,0.0,0.0,0.07666666666666672,0.004017633969541862,False,,,,,,,,,,,,,,,,,,,,,,,,,,,,,,,,,
192,16.0,4,3,0,3.916666666666669,0.19583333333333347,2,True,-3.56208804044637,0.0,0.0,0.0783333333333334,0.004466701466281013,False,,,,,,,,,,,,,,,,,,,,,,,,,,,,,,,,,
193,16.0833,4,3,0,4.000000000000003,0.20000000000000015,2,True,-3.4372918093397287,0.0,0.0,0.08000000000000007,0.00504857915518139,False,,,,,,,,,,,,,,,,,,,,,,,,,,,,,,,,,
194,16.1667,4,3,0,4.083333333333336,0.2041666666666668,2,True,-3.2957321437121507,0.0,0.0,0.08166666666666672,0.005795974715311996,False,,,,,,,,,,,,,,,,,,,,,,,,,,,,,,,,,
195,16.25,4,3,0,4.166666666666669,0.20833333333333345,2,True,-3.1381834584651216,0.0,0.0,0.08333333333333338,0.006751281150598793,False,,,,,,,,,,,,,,,,,,,,,,,,,,,,,,,,,
196,16.3333,4,3,0,4.250000000000002,0.2125000000000001,2,True,-2.965535285265005,0.0,0.0,0.08500000000000005,0.007968630603693627,False,,,,,,,,,,,,,,,,,,,,,,,,,,,,,,,,,
197,16.4167,4,3,0,4.333333333333335,0.21666666666666676,2,True,-2.7787938501901026,0.0,0.0,0.08666666666666671,0.00951592716285575,False,,,,,,,,,,,,,,,,,,,,,,,,,,,,,,,,,
198,16.5,4,3,0,4.416666666666668,0.2208333333333334,2,True,-2.579082768503956,0.0,0.0,0.08833333333333337,0.011476384316476147,False,,,,,,,,,,,,,,,,,,,,,,,,,,,,,,,,,
199,16.5833,4,3,0,4.500000000000001,0.22500000000000006,2,True,-2.3676426040248564,0.0,0.0,0.09000000000000002,0.013948739251721036,False,,,,,,,,,,,,,,,,,,,,,,,,,,,,,,,,,
200,16.6667,4,3,0,4.583333333333334,0.2291666666666667,2,True,-2.1458290547608967,0.0,0.0,0.09166666666666669,0.017044870545312046,False,,,,,,,,,,,,,,,,,,,,,,,,,,,,,,,,,
201,16.75,4,3,0,4.666666666666667,0.23333333333333336,2,True,-1.9151095497127288,0.0,0.0,0.09333333333333335,0.02088313163287936,False,,,,,,,,,,,,,,,,,,,,,,,,,,,,,,,,,
202,16.8333,4,3,0,4.75,0.23750000000000002,2,True,-1.677058073562593,0.0,0.0,0.09500000000000001,0.025575630910387476,False,,,,,,,,,,,,,,,,,,,,,,,,,,,,,,,,,
203,16.9167,4,3,0,4.833333333333333,0.24166666666666667,2,True,-1.4333480756466743,0.0,0.0,0.09666666666666668,0.0312084494066504,False,,,,,,,,,,,,,,,,,,,,,,,,,,,,,,,,,
204,17.0,4,3,0,4.916666666666666,0.24583333333333332,2,True,-1.1857433661663146,0.0,0.0,0.09833333333333333,0.0378159449654445,False,,,,,,,,,,,,,,,,,,,,,,,,,,,,,,,,,
205,17.0833,4,3,0,4.999999999999999,0.24999999999999997,2,True,-0.9360869548102277,0.0,0.0,0.09999999999999999,0.04535393340147902,False,,,,,,,,,,,,,,,,,,,,,,,,,,,,,,,,,
206,17.1667,4,3,0,5.083333333333332,0.2541666666666666,2,True,-0.6862878434039468,0.0,0.0,0.10166666666666664,0.05368049333710644,False,,,,,,,,,,,,,,,,,,,,,,,,,,,,,,,,,
207,17.25,4,3,0,5.166666666666665,0.25833333333333325,2,True,-0.43830584327131206,0.0,0.0,0.1033333333333333,0.06255468435937607,False,,,,,,,,,,,,,,,,,,,,,,,,,,,,,,,,,
208,17.3333,4,3,0,5.249999999999998,0.2624999999999999,2,True,-0.1941345479526877,0.0,0.0,0.10499999999999997,0.07165966572962203,False,,,,,,,,,,,,,,,,,,,,,,,,,,,,,,,,,
209,17.4167,4,3,0,5.333333333333331,0.26666666666666655,2,True,0.04421734903316121,0.0,0.0,0.10666666666666663,0.08064744052242298,False,,,,,,,,,,,,,,,,,,,,,,,,,,,,,,,,,
210,17.5,4,3,0,5.416666666666664,0.2708333333333332,2,True,0.2747461454053637,0.0,0.0,0.10833333333333328,0.08919234307907943,False,,,,,,,,,,,,,,,,,,,,,,,,,,,,,,,,,
211,17.5833,4,3,0,5.499999999999997,0.27499999999999986,2,True,0.49547433259618856,0.0,0.0,0.10999999999999995,0.09703616193951772,False,,,,,,,,,,,,,,,,,,,,,,,,,,,,,,,,,
212,17.6667,4,3,0,5.58333333333333,0.2791666666666665,2,True,0.704472566279521,0.0,0.0,0.11166666666666661,0.10401242886152837,False,,,,,,,,,,,,,,,,,,,,,,,,,,,,,,,,,
213,17.75,4,3,0,5.666666666666663,0.28333333333333316,2,True,0.8998820240683276,0.0,0.0,0.11333333333333327,0.11004733923138652,False,,,,,,,,,,,,,,,,,,,,,,,,,,,,,,,,,
214,17.8333,4,3,0,5.7499999999999964,0.2874999999999998,2,True,1.079936740974662,0.0,0.0,0.11499999999999994,0.11514342502395539,False,,,,,,,,,,,,,,,,,,,,,,,,,,,,,,,,,
215,17.9167,4,3,0,5.8333333333333295,0.29166666666666646,2,True,1.242985494950977,0.0,0.0,0.11666666666666659,0.11935547385735833,False,,,,,,,,,,,,,,,,,,,,,,,,,,,,,,,,,
216,18.0,4,3,0,5.9166666666666625,0.2958333333333331,2,True,1.387512807598843,0.0,0.0,0.11833333333333325,0.12276671836248758,False,,,,,,,,,,,,,,,,,,,,,,,,,,,,,,,,,
217,18.0833,4,3,0,5.999999999999996,0.29999999999999977,2,True,1.5121586294060725,0.0,0.0,0.11999999999999991,0.12546977022250563,False,,,,,,,,,,,,,,,,,,,,,,,,,,,,,,,,,
218,18.1667,4,3,0,6.083333333333329,0.3041666666666665,2,True,1.6157362947672889,0.0,0.0,0.12166666666666659,0.12755353391914964,False,,,,,,,,,,,,,,,,,,,,,,,,,,,,,,,,,
219,18.25,4,3,0,6.166666666666662,0.3083333333333331,2,True,1.6972483593074408,0.0,0.0,0.12333333333333325,0.12909538663544004,False,,,,,,,,,,,,,,,,,,,,,,,,,,,,,,,,,
220,18.3333,4,3,0,6.249999999999995,0.3124999999999998,2,True,1.7558999700546076,0.0,0.0,0.12499999999999992,0.1301571697015186,False,,,,,,,,,,,,,,,,,,,,,,,,,,,,,,,,,
221,18.4167,4,3,0,6.333333333333328,0.31666666666666643,2,True,1.791109466845204,0.0,0.0,0.12666666666666657,0.13078353575808876,False,,,,,,,,,,,,,,,,,,,,,,,,,,,,,,,,,
222,18.5,4,3,0,6.416666666666661,0.3208333333333331,2,True,1.802515969724392,0.0,0.0,0.12833333333333324,0.13100150926213594,False,,,,,,,,,,,,,,,,,,,,,,,,,,,,,,,,,
223,18.5833,4,3,0,6.499999999999994,0.32499999999999973,2,True,1.789983770484346,0.0,0.0,0.1299999999999999,0.13082049358023498,False,,,,,,,,,,,,,,,,,,,,,,,,,,,,,,,,,
224,18.6667,4,3,0,6.583333333333327,0.3291666666666664,2,True,1.753603415094032,0.0,0.0,0.13166666666666657,0.13023229305608702,False,,,,,,,,,,,,,,,,,,,,,,,,,,,,,,,,,
225,18.75,4,3,0,6.66666666666666,0.33333333333333304,2,True,1.6936894356811507,0.0,0.0,0.13333333333333322,0.12921100076352018,False,,,,,,,,,,,,,,,,,,,,,,,,,,,,,,,,,
226,18.8333,4,3,0,6.749999999999993,0.3374999999999997,2,True,1.6107747638917944,0.0,0.0,0.13499999999999987,0.1277128624982222,False,,,,,,,,,,,,,,,,,,,,,,,,,,,,,,,,,
227,18.9167,4,3,0,6.833333333333326,0.34166666666666634,2,True,1.5056019298045937,0.0,0.0,0.13666666666666655,0.12567650840915845,False,,,,,,,,,,,,,,,,,,,,,,,,,,,,,,,,,
228,19.0,4,3,0,6.916666666666659,0.345833333333333,2,True,1.3791112200782347,0.0,0.0,0.1383333333333332,0.12302428047157306,False,,,,,,,,,,,,,,,,,,,,,,,,,,,,,,,,,
229,19.0833,4,3,0,6.999999999999992,0.34999999999999964,2,True,1.2324260337324011,0.0,0.0,0.13999999999999987,0.11966577495679293,False,,,,,,,,,,,,,,,,,,,,,,,,,,,,,,,,,
230,19.1667,4,3,0,7.083333333333325,0.3541666666666663,2,True,1.066835732138629,0.0,0.0,0.14166666666666652,0.11550507877668494,False,,,,,,,,,,,,,,,,,,,,,,,,,,,,,,,,,
231,19.25,4,3,0,7.166666666666658,0.35833333333333295,2,True,0.8837763298906331,0.0,0.0,0.14333333333333317,0.11045327402686793,True,3.0,big_wood_cook,13.0,0.3494211403367493,0.0,-0.40924653675492684,0.28666666666666635,0.2019890834762998,0.22444424977632726,0.0,-0.16369861470197072,0.0,0.17107773067503398,0.17342518708729382,0.0,-0.05456620490065692,0.0,0.18131418690324114,-0.3241332923634561,0.0,-0.0,0.28666666666666635,0.15507451724295288,-0.24461353459903493,0.0,-0.0,0.0,0.12606010901822884,0.021443183316919592,0.0,-0.0,0.0,0.1644843726842434
232,19.3333,4,3,4,0.0,0.0,2,False,0.6848094139667911,0.0,0.0,0.0,0.09972168931094039,False,,,,,,,,,,,,,,,,,,,,,,,,,,,,,,,,,
233,19.4167,4,3,4,0.08333333333333333,0.004166666666666667,2,False,0.47159970903567494,0.0,0.0,0.0016666666666666668,0.09242348576442554,False,,,,,,,,,,,,,,,,,,,,,,,,,,,,,,,,,
234,19.5,4,3,4,0.16666666666666666,0.008333333333333333,2,False,0.24589172626954525,0.0,0.0,0.0033333333333333335,0.08429786286910128,False,,,,,,,,,,,,,,,,,,,,,,,,,,,,,,,,,
235,19.5833,4,3,4,0.25,0.0125,2,False,0.009485941349631766,0.0,0.0,0.005000000000000001,0.07554321330154146,False,,,,,,,,,,,,,,,,,,,,,,,,,,,,,,,,,
236,19.6667,4,3,4,0.3333333333333333,0.016666666666666666,2,False,-0.23578505545037398,0.0,0.0,0.006666666666666667,0.06644545047759962,False,,,,,,,,,,,,,,,,,,,,,,,,,,,,,,,,,
237,19.75,4,3,4,0.41666666666666663,0.020833333333333332,2,False,-0.48808000771502424,0.0,0.0,0.008333333333333333,0.0573467919255954,False,,,,,,,,,,,,,,,,,,,,,,,,,,,,,,,,,
238,19.8333,4,3,4,0.49999999999999994,0.024999999999999998,2,False,-0.7455716339593135,0.0,0.0,0.01,0.048595989525374465,False,,,,,,,,,,,,,,,,,,,,,,,,,,,,,,,,,
239,19.9167,4,3,4,0.5833333333333333,0.029166666666666664,2,False,-1.0064680878569554,0.0,0.0,0.011666666666666665,0.04049471263415103,False,,,,,,,,,,,,,,,,,,,,,,,,,,,,,,,,,
240,20.0,4,3,4,0.6666666666666666,0.03333333333333333,2,False,-1.2690329043426622,0.0,0.0,0.013333333333333334,0.03325726130244981,False,,,,,,,,,,,,,,,,,,,,,,,,,,,,,,,,,
241,20.0833,4,3,4,0.75,0.037500000000000006,2,False,-1.5316031448078817,0.0,0.0,0.015000000000000003,0.026994340251616348,False,,,,,,,,,,,,,,,,,,,,,,,,,,,,,,,,,
242,20.1667,4,3,4,0.8333333333333334,0.04166666666666667,2,False,-1.7926055058813803,0.0,0.0,0.01666666666666667,0.021720799487926372,False,,,,,,,,,,,,,,,,,,,,,,,,,,,,,,,,,
243,20.25,4,3,4,0.9166666666666667,0.04583333333333334,2,False,-2.050570210710693,0.0,0.0,0.018333333333333337,0.017378938201610374,False,,,,,,,,,,,,,,,,,,,,,,,,,,,,,,,,,
244,20.3333,4,3,4,1.0,0.05,2,False,-2.3041425576066588,0.0,0.0,0.020000000000000004,0.01386672155419106,False,,,,,,,,,,,,,,,,,,,,,,,,,,,,,,,,,
245,20.4167,4,3,4,1.0833333333333333,0.05416666666666667,2,False,-2.5520920567887817,0.0,0.0,0.021666666666666667,0.01106288723978236,False,,,,,,,,,,,,,,,,,,,,,,,,,,,,,,,,,
246,20.5,4,3,4,1.1666666666666665,0.05833333333333333,2,False,-2.7933191402728355,0.0,0.0,0.02333333333333333,0.0088451701561946,False,,,,,,,,,,,,,,,,,,,,,,,,,,,,,,,,,
247,20.5833,4,3,4,1.2499999999999998,0.06249999999999999,2,False,-3.0268594813086964,0.0,0.0,0.024999999999999998,0.007101290802409416,False,,,,,,,,,,,,,,,,,,,,,,,,,,,,,,,,,
248,20.6667,4,3,4,1.333333333333333,0.06666666666666665,2,False,-3.2518860070098334,0.0,0.0,0.02666666666666666,0.005734143993254085,False,,,,,,,,,,,,,,,,,,,,,,,,,,,,,,,,,
249,20.75,4,3,4,1.4166666666666663,0.07083333333333332,2,False,-3.4677087299209948,0.0,0.0,0.02833333333333333,0.004663093837531652,False,,,,,,,,,,,,,,,,,,,,,,,,,,,,,,,,,
250,20.8333,4,3,4,1.4999999999999996,0.07499999999999998,2,False,-3.673772560472098,0.0,0.0,0.029999999999999995,0.0038230380047117223,False,,,,,,,,,,,,,,,,,,,,,,,,,,,,,,,,,
251,20.9167,4,3,4,1.5833333333333328,0.07916666666666665,2,False,-3.869653292016439,0.0,0.0,0.03166666666666666,0.0031624289632196005,False,,,,,,,,,,,,,,,,,,,,,,,,,,,,,,,,,
252,21.0,4,3,4,1.666666666666666,0.08333333333333331,2,False,-4.055051973134234,0.0,0.0,0.033333333333333326,0.0026409883591903033,False,,,,,,,,,,,,,,,,,,,,,,,,,,,,,,,,,
253,21.0833,4,3,4,1.7499999999999993,0.08749999999999997,2,False,-4.229787898006931,0.0,0.0,0.03499999999999999,0.0022275134970199395,False,,,,,,,,,,,,,,,,,,,,,,,,,,,,,,,,,
254,21.1667,4,3,4,1.8333333333333326,0.09166666666666663,2,False,-4.393790455050628,0.0,0.0,0.03666666666666665,0.0018979564060046844,False,,,,,,,,,,,,,,,,,,,,,,,,,,,,,,,,,
255,21.25,4,3,4,1.9166666666666659,0.0958333333333333,2,False,-4.54709007694523,0.0,0.0,0.03833333333333332,0.001633829425202953,False,,,,,,,,,,,,,,,,,,,,,,,,,,,,,,,,,
256,21.3333,4,3,4,1.9999999999999991,0.09999999999999996,2,False,-4.689808532180712,0.0,0.0,0.03999999999999999,0.0014209259963893302,False,,,,,,,,,,,,,,,,,,,,,,,,,,,,,,,,,
257,21.4167,4,3,4,2.0833333333333326,0.10416666666666663,2,False,-4.822148789867228,0.0,0.0,0.04166666666666666,0.0012483169892839481,False,,,,,,,,,,,,,,,,,,,,,,,,,,,,,,,,,
258,21.5,4,3,4,2.166666666666666,0.10833333333333331,2,False,-4.944384676529573,0.0,0.0,0.04333333333333333,0.0011075747596673946,False,,,,,,,,,,,,,,,,,,,,,,,,,,,,,,,,,
259,21.5833,4,3,4,2.2499999999999996,0.11249999999999999,2,False,-5.056850526708003,0.0,0.0,0.045,0.0009921790120438847,False,,,,,,,,,,,,,,,,,,,,,,,,,,,,,,,,,
260,21.6667,4,3,4,2.333333333333333,0.11666666666666665,2,False,-5.159931009233645,0.0,0.0,0.04666666666666666,0.0008970645715969252,False,,,,,,,,,,,,,,,,,,,,,,,,,,,,,,,,,
261,21.75,4,3,4,2.4166666666666665,0.12083333333333333,2,False,-5.254051288864816,0.0,0.0,0.04833333333333334,0.0008182782969176314,False,,,,,,,,,,,,,,,,,,,,,,,,,,,,,,,,,
262,21.8333,4,3,4,2.5,0.125,2,False,-5.339667659369259,0.0,0.0,0.05,0.0007527191271567086,False,,,,,,,,,,,,,,,,,,,,,,,,,,,,,,,,,
263,21.9167,4,3,4,2.5833333333333335,0.12916666666666668,2,False,-5.417258759882489,0.0,0.0,0.05166666666666667,0.0006979410759105764,False,,,,,,,,,,,,,,,,,,,,,,,,,,,,,,,,,
264,22.0,4,3,4,2.666666666666667,0.13333333333333336,2,False,-5.4873174621678045,0.0,0.0,0.053333333333333344,0.0006520037271521824,False,,,,,,,,,,,,,,,,,,,,,,,,,,,,,,,,,
265,22.0833,4,3,4,2.7500000000000004,0.13750000000000004,2,False,-5.550343492875217,0.0,0.0,0.05500000000000002,0.0006133585285769115,False,,,,,,,,,,,,,,,,,,,,,,,,,,,,,,,,,
266,22.1667,4,3,4,2.833333333333334,0.1416666666666667,2,False,-5.606836832580193,0.0,0.0,0.05666666666666668,0.0005807620645108743,False,,,,,,,,,,,,,,,,,,,,,,,,,,,,,,,,,
267,22.25,4,3,4,2.9166666666666674,0.14583333333333337,2,False,-5.657291912718732,0.0,0.0,0.05833333333333335,0.0005532096875245428,False,,,,,,,,,,,,,,,,,,,,,,,,,,,,,,,,,
268,22.3333,4,3,4,3.000000000000001,0.15000000000000005,2,False,-5.702192612863682,0.0,0.0,0.060000000000000026,0.0005298845445522983,False,,,,,,,,,,,,,,,,,,,,,,,,,,,,,,,,,
269,22.4167,4,3,4,3.0833333333333344,0.15416666666666673,2,False,-5.742008044350269,0.0,0.0,0.061666666666666696,0.0005101182752409218,False,,,,,,,,,,,,,,,,,,,,,,,,,,,,,,,,,
270,22.5,4,3,4,3.166666666666668,0.1583333333333334,2,False,-5.777189092205283,0.0,0.0,0.06333333333333337,0.0004933605881118268,False,,,,,,,,,,,,,,,,,,,,,,,,,,,,,,,,,
271,22.5833,4,3,4,3.2500000000000013,0.1625000000000001,2,False,-5.808165675725231,0.0,0.0,0.06500000000000004,0.00047915561227915786,False,,,,,,,,,,,,,,,,,,,,,,,,,,,,,,,,,
272,22.6667,4,3,4,3.333333333333335,0.16666666666666674,2,False,-5.8353446788675996,0.0,0.0,0.0666666666666667,0.000467123438748621,False,,,,,,,,,,,,,,,,,,,,,,,,,,,,,,,,,
273,22.75,4,3,4,3.4166666666666683,0.17083333333333342,2,False,-5.85910849478184,0.0,0.0,0.06833333333333337,0.00045694565083590464,False,,,,,,,,,,,,,,,,,,,,,,,,,,,,,,,,,
274,22.8333,4,3,4,3.5000000000000018,0.1750000000000001,2,False,-5.879814124173234,0.0,0.0,0.07000000000000005,0.0004483539317038845,False,,,,,,,,,,,,,,,,,,,,,,,,,,,,,,,,,
275,22.9167,4,3,4,3.5833333333333353,0.17916666666666678,2,False,-5.897792764579381,0.0,0.0,0.07166666666666671,0.0004411210534829611,False,,,,,,,,,,,,,,,,,,,,,,,,,,,,,,,,,
276,23.0,4,3,4,3.6666666666666687,0.18333333333333346,-1,False,-5.91334982682998,0.0,0.0,0.07333333333333339,0.00043505371546365633,False,,,,,,,,,,,,,,,,,,,,,,,,,,,,,,,,,
277,23.0833,4,3,4,3.750000000000002,0.1875000000000001,-1,False,-5.92676531571898,0.0,0.0,0.07500000000000005,0.0004299868221431719,False,,,,,,,,,,,,,,,,,,,,,,,,,,,,,,,,,
278,23.1667,4,3,4,3.8333333333333357,0.1916666666666668,-1,False,-5.938294513996932,0.0,0.0,0.07666666666666672,0.00042577888558284504,False,,,,,,,,,,,,,,,,,,,,,,,,,,,,,,,,,
279,23.25,4,3,4,3.916666666666669,0.19583333333333347,-1,False,-5.948168911941877,0.0,0.0,0.0783333333333334,0.00042230830805228836,False,,,,,,,,,,,,,,,,,,,,,,,,,,,,,,,,,
280,23.3333,4,3,4,4.000000000000003,0.20000000000000015,-1,False,-5.956597328747844,0.0,0.0,0.08000000000000007,0.0004194703558046971,False,,,,,,,,,,,,,,,,,,,,,,,,,,,,,,,,,
281,23.4167,4,3,4,4.083333333333336,0.2041666666666668,-1,False,-5.963767176552165,0.0,0.0,0.08166666666666672,0.0004171746771159156,False,,,,,,,,,,,,,,,,,,,,,,,,,,,,,,,,,
282,23.5,4,3,4,4.166666666666669,0.20833333333333345,-1,False,-5.969845822896359,0.0,0.0,0.08333333333333338,0.00041534325044292414,False,,,,,,,,,,,,,,,,,,,,,,,,,,,,,,,,,
283,23.5833,4,3,4,4.250000000000002,0.2125000000000001,-1,False,-5.974982012591902,0.0,0.0,0.08500000000000005,0.00041390867395900655,False,,,,,,,,,,,,,,,,,,,,,,,,,,,,,,,,,
284,23.6667,4,3,4,4.333333333333335,0.21666666666666676,-1,False,-5.979307315177838,0.0,0.0,0.08666666666666671,0.0004128127274815247,False,,,,,,,,,,,,,,,,,,,,,,,,,,,,,,,,,
285,23.75,4,3,4,4.416666666666668,0.2208333333333334,-1,False,-5.982937569273597,0.0,0.0,0.08833333333333337,0.00041200515318915956,False,,,,,,,,,,,,,,,,,,,,,,,,,,,,,,,,,
286,23.8333,4,3,4,4.500000000000001,0.22500000000000006,-1,False,-5.985974300034576,0.0,0.0,0.09000000000000002,0.0004114426134907422,False,,,,,,,,,,,,,,,,,,,,,,,,,,,,,,,,,
287,23.9167,4,3,4,4.583333333333334,0.2291666666666667,-1,False,-5.988506090522145,0.0,0.0,0.09166666666666669,0.00041108779369659714,False,,,,,,,,,,,,,,,,,,,,,,,,,,,,,,,,,
